{"_default": {}, "stations": {}, "temps": {"1": {"temperature": -9.444444444444445, "time": 1594098593.901027}}, "treatments": {"17": {"station": "AVA001", "time": 1593922962.6806662}}}