{"_default": {}, "stations": {}, "temps": {"1": {"temperature": 19.444444444444443, "time": 1588545024.5738182}}}