{"_default": {}, "stations": {}, "temps": {"1": {"temperature": 19.444444444444443, "time": 1587423489.5400758}}}